"PWSID","SYSTEM NAME","ACTIVITY CODE","CLIENT ID","SITE ID","PRIMARY FACILITY ID","SYSTEM TYPE","OWNER TYPE","POPULATION SERVED","NONTRANSIENT POPULATION SERVED","CONSECUTIVE INDICATOR","PRIMARY SELLER","REGULATED BY","PRIMARY SOURCE","PRIMARY SELLER STATE","VENDING PWS PERM BY RULE","SERVICE CONNECTIONS","COUNTY","DISTRICT","REGION"
"6430029","4J MOBILE HOMES C/O J POCHTAKO","INACTIVE","77075","269566","290455","COMMUNITY","INVESTOR","97","0","NOT CONSECUTIVE","","STATE","GROUND","","","50","Mercer","NORTH MEADVILLE","NORTHWEST"
"6430824","ADESA MERCER","ACTIVE","205536","250460","258074","NONTRANSIENT NONCOMM","INVESTOR","225","225","NOT CONSECUTIVE","","STATE","GROUND","","","1","Mercer","NORTH MEADVILLE","NORTHWEST"
"6430981","ADVENTURE BOUND SHENANGO","ACTIVE","336287","465512","494746","TRANSIENT NONCOMM","INVESTOR","500","0","NOT CONSECUTIVE","","STATE","GROUND","","","250","Mercer","NORTH MEADVILLE","NORTHWEST"
"6431054","AMERICAN LEGION POST 220","ACTIVE","329869","528743","557558","TRANSIENT NONCOMM","INVESTOR","25",".","NOT CONSECUTIVE","","STATE","GROUND","","","1","Mercer","NORTH MEADVILLE","NORTHWEST"
"6431061","AMERICAN LEGION POST 919","ACTIVE","146908","541158","560526","TRANSIENT NONCOMM","OTHER","25",".","NOT CONSECUTIVE","","STATE","GROUND","","","1","Mercer","NORTH MEADVILLE","NORTHWEST"
"6430069","AMSTERDAM ESTATES","INACTIVE","23960","450845","477492","COMMUNITY","INVESTOR","22","0","NOT CONSECUTIVE","","STATE","GROUND","","","13","Mercer","NORTH MEADVILLE","NORTHWEST"
"6430038","ANDERSON MOBILE HOME PARK","INACTIVE","281458","257535","271520","COMMUNITY","INVESTOR","78","0","NOT CONSECUTIVE","","STATE","GROUND","","","48","Mercer","NORTH MEADVILLE","NORTHWEST"
"6430059","AQUA PA LAKE LATONKA WTP","ACTIVE","309251","256731","270167","COMMUNITY","INVESTOR","1,400","0","NOT CONSECUTIVE","","STATE","GROUND","","","606","Mercer","NORTH MEADVILLE","NORTHWEST"
"6430054","AQUA PA SHENANGO VALLEY WTP","ACTIVE","309251","262872","281819","COMMUNITY","INVESTOR","48,000","0","NOT CONSECUTIVE","","STATE","SURFACE","","","17,152","Mercer","NORTH MEADVILLE","NORTHWEST"
"6430060","AVALON SPRINGS","INACTIVE","282283","256697","270079","COMMUNITY","MUNICIPALITY","400","0","NOT CONSECUTIVE","","STATE","GROUND","","","1","Mercer","NORTH MEADVILLE","NORTHWEST"
"6430965","BARLEY HOUSE BREWING","INACTIVE","334995","260622","276310","TRANSIENT NONCOMM","INVESTOR","100","0","NOT CONSECUTIVE","","STATE","GROUND","","","1","Mercer","NORTH MEADVILLE","NORTHWEST"
"6431007","BAUGHHMAN'S STORE AND RESTAURA","INACTIVE","58582","269517","290395","TRANSIENT NONCOMM","INVESTOR","25","25","NOT CONSECUTIVE","","STATE","GROUND","","","1","Mercer","NORTH MEADVILLE","NORTHWEST"
"6431074","BELOVED DISCIPLE CHURCH","INACTIVE","249304","674217","684770","TRANSIENT NONCOMM","WATER ASSOCIATION","200",".","NOT CONSECUTIVE","","STATE","GROUND","","","1","Mercer","NORTH MEADVILLE","NORTHWEST"
"6431043","BFS FOODS# 52","ACTIVE","269130","485225","564756","TRANSIENT NONCOMM","INVESTOR","100","10","NOT CONSECUTIVE","","STATE","GROUND","","","1","Mercer","NORTH MEADVILLE","NORTHWEST"
"6431091","BIG DOG RC","ACTIVE","290146","752818","746675","TRANSIENT NONCOMM","PRIVATE INDIVIDUAL","50",".","NOT CONSECUTIVE","","STATE","GROUND","","","1","Mercer","NORTH MEADVILLE","NORTHWEST"
"6430004","BIG OAK MOBILEHOME PARK","INACTIVE","58515","269563","290452","COMMUNITY","INVESTOR","40","0","NOT CONSECUTIVE","","STATE","GROUND","","","26","Mercer","NORTH MEADVILLE","NORTHWEST"
"6431115","BIG RAIL BREWING","ACTIVE","380620","867897","871660","TRANSIENT NONCOMM","INVESTOR","25",".","NOT CONSECUTIVE","","STATE","GROUND","","","1","Mercer","NORTH MEADVILLE","NORTHWEST"
"6431027","BOARS HEAD BAR AND GRILLE","INACTIVE","380183","250695","258378","TRANSIENT NONCOMM","INVESTOR","50","0","NOT CONSECUTIVE","","STATE","GROUND","","","1","Mercer","NORTH MEADVILLE","NORTHWEST"
"6430937","BORON OIL CO -RE:I 79 RT 208","INACTIVE","269130","485225","481088","TRANSIENT NONCOMM","INVESTOR","100","0","NOT CONSECUTIVE","","STATE","GROUND","","","1","Mercer","NORTH MEADVILLE","NORTHWEST"
"6430808","BORON OIL CO RETAIL OUTLET","INACTIVE","269130","485225","481087","TRANSIENT NONCOMM","INVESTOR","50","0","NOT CONSECUTIVE","","STATE","GROUND","","","1","Mercer","NORTH MEADVILLE","NORTHWEST"
"6430809","BORON OIL COMPANY","INACTIVE","295837","493405","478279","TRANSIENT NONCOMM","INVESTOR","25","0","NOT CONSECUTIVE","","STATE","GROUND","","","1","Mercer","NORTH MEADVILLE","NORTHWEST"
"6430961","BRANDY SPRINGS POOL","INACTIVE","85251","260621","276309","TRANSIENT NONCOMM","","240","0","NOT CONSECUTIVE","","STATE","GROUND","","","1","Mercer","SOUTH MEADVILLE","NORTHWEST"
"6430910","BRASS LANTERN","ACTIVE","257602","260552","276197","TRANSIENT NONCOMM","INVESTOR","150","0","NOT CONSECUTIVE","","STATE","GROUND","","","1","Mercer","NORTH MEADVILLE","NORTHWEST"
"6430938","BRIDGE WORKS BAR AND GRILL","ACTIVE","323687","269298","289923","TRANSIENT NONCOMM","INVESTOR","25","0","NOT CONSECUTIVE","","STATE","GROUND","","","1","Mercer","NORTH MEADVILLE","NORTHWEST"
"6430049","BUHL COMMUNITY WATER COMPANY","ACTIVE","25196","249099","256026","COMMUNITY","WATER ASSOCIATION","2,227","0","NOT CONSECUTIVE","","STATE","GROUND","","","77","Mercer","NORTH MEADVILLE","NORTHWEST"
"6430881","BUHL FARM PARK-","INACTIVE","59788","453608","481184","TRANSIENT NONCOMM","INVESTOR","500","0","NOT CONSECUTIVE","","STATE","GROUND","","","4","Mercer","NORTH MEADVILLE","NORTHWEST"
"6431045","BURGER KING #11027","ACTIVE","64349","466390","542920","TRANSIENT NONCOMM","INVESTOR","300","20","NOT CONSECUTIVE","","STATE","GROUND","","","1","Mercer","NORTH MEADVILLE","NORTHWEST"
"6430321","CALVARY FELLOWSHIP","INACTIVE","58525","264764","284613","TRANSIENT NONCOMM","INVESTOR","200","0","NOT CONSECUTIVE","","STATE","GROUND","","","1","Mercer","NORTH MEADVILLE","NORTHWEST"
"6430969","CAMP NAZARETH","ACTIVE","44257","261575","278998","TRANSIENT NONCOMM","INVESTOR","200","0","NOT CONSECUTIVE","","STATE","GROUND","","","12","Mercer","NORTH MEADVILLE","NORTHWEST"
"6431014","CAMP WILHELM","ACTIVE","342062","443726","467946","TRANSIENT NONCOMM","INVESTOR","75","0","NOT CONSECUTIVE","","STATE","GROUND","","","75","Mercer","NORTH MEADVILLE","NORTHWEST"
"6201127","CAMPBELLS CAMP PERRY","INACTIVE","360094","466772","572548","TRANSIENT NONCOMM","INVESTOR","50","0","NOT CONSECUTIVE","","STATE","GROUND","","","1","Mercer","NORTH MEADVILLE","NORTHWEST"
"6431098","CANDLEWOOD SUITES","INACTIVE","325250","813028","808781","TRANSIENT NONCOMM","INVESTOR","100",".","NOT CONSECUTIVE","","NOT REGULATED","GROUND","","","1","Mercer","NORTH MEADVILLE","NORTHWEST"
"6430318","CARPENTERS CORNERS CHURCH","INACTIVE","76504","254942","266704","TRANSIENT NONCOMM","OTHER","25","0","NOT CONSECUTIVE","","STATE","GROUND","","","1","Mercer","NORTH MEADVILLE","NORTHWEST"
"6431019","CATERING-2-U","INACTIVE","73532","261609","279157","TRANSIENT NONCOMM","INVESTOR","25","0","NOT CONSECUTIVE","","STATE","GROUND","","","1","Mercer","NORTH MEADVILLE","NORTHWEST"
"6430882","CELEBRITY BOWL","ACTIVE","372598","260412","276011","TRANSIENT NONCOMM","INVESTOR","25","0","NOT CONSECUTIVE","","STATE","GROUND","","","1","Mercer","NORTH MEADVILLE","NORTHWEST"
"6430904","CHARLESTON UNITED METH CHURCH","ACTIVE","64295","260495","276120","TRANSIENT NONCOMM","OTHER","35","0","NOT CONSECUTIVE","","STATE","GROUND","","","1","Mercer","NORTH MEADVILLE","NORTHWEST"
"6431052","CHILDRENS PATCH LEARNING CTR","INACTIVE","163149","522970","547347","NONTRANSIENT NONCOMM","PRIVATE INDIVIDUAL","75","75","NOT CONSECUTIVE","","STATE","GROUND","","","1","Mercer","NORTH MEADVILLE","NORTHWEST"
"6431057","CHILI DOG AND SANDWICH EXPRESS","INACTIVE","142995","533865","554811","TRANSIENT NONCOMM","PRIVATE INDIVIDUAL","25",".","NOT CONSECUTIVE","","STATE","GROUND","","","1","Mercer","NORTH MEADVILLE","NORTHWEST"
"6430985","CHURCH OF GOD CAMPGROUND","INACTIVE","58575","450369","476875","TRANSIENT NONCOMM","INVESTOR","100","0","NOT CONSECUTIVE","","STATE","GROUND","","","1","Mercer","NORTH MEADVILLE","NORTHWEST"
"6431089","CIANCI MOTEL","ACTIVE","281087","735335","731440","TRANSIENT NONCOMM","INVESTOR","25",".","NOT CONSECUTIVE","","STATE","GROUND","","","28","Mercer","NORTH MEADVILLE","NORTHWEST"
"6431016","CLARK BOROUGH MUNICIPAL BLDG","ACTIVE","162914","264749","284591","TRANSIENT NONCOMM","MUNICIPALITY","60","0","NOT CONSECUTIVE","","STATE","GROUND","","","1","Mercer","NORTH MEADVILLE","NORTHWEST"
"6430873","CLARK HOUSE","ACTIVE","69666","450098","476519","TRANSIENT NONCOMM","INVESTOR","100","0","NOT CONSECUTIVE","","STATE","GROUND","","","1","Mercer","NORTH MEADVILLE","NORTHWEST"
"6431087","CLARK TRINITY UNITED METHODIST","ACTIVE","275678","725591","723527","TRANSIENT NONCOMM","OTHER","25",".","NOT CONSECUTIVE","","STATE","GROUND","","","1","Mercer","NORTH MEADVILLE","NORTHWEST"
"6431088","CLARKS MILLS FARMERS MARKET","INACTIVE","280248","733742","730206","TRANSIENT NONCOMM","PRIVATE INDIVIDUAL","25",".","NOT CONSECUTIVE","","NOT REGULATED","GROUND","","","1","Mercer","NORTH MEADVILLE","NORTHWEST"
"6430802","COLONIAL INN MOTEL","ACTIVE","332074","269569","290458","TRANSIENT NONCOMM","INVESTOR","50","0","NOT CONSECUTIVE","","STATE","GROUND","","","1","Mercer","NORTH MEADVILLE","NORTHWEST"
"6431058","COMBINED TACTICAL SYSTEMS","INACTIVE","120487","725379","562967","NONTRANSIENT NONCOMM","INVESTOR","55","55","NOT CONSECUTIVE","","NOT REGULATED","GROUND","","","3","Mercer","NORTH MEADVILLE","NORTHWEST"
"6430300","COMMODORE PERRY SCHOOL","ACTIVE","23962","257748","271900","NONTRANSIENT NONCOMM","OTHER","550","550","NOT CONSECUTIVE","","STATE","GROUND","","","1","Mercer","NORTH MEADVILLE","NORTHWEST"
"6430850","COMMON GROUND","INACTIVE","212726","244898","249847","TRANSIENT NONCOMM","INVESTOR","25","0","NOT CONSECUTIVE","","STATE","GROUND","","","1","Mercer","NORTH MEADVILLE","NORTHWEST"
"6431055","COMPADRES MEXICAN RESTAURANT","ACTIVE","236316","463500","555040","TRANSIENT NONCOMM","OTHER","25",".","NOT CONSECUTIVE","","STATE","GROUND","","","1","Mercer","NORTH MEADVILLE","NORTHWEST"
"6430944","COMPONENTS INTERTECHNOLOGIES","INACTIVE","112856","257372","289423","NONTRANSIENT NONCOMM","INVESTOR","82","82","NOT CONSECUTIVE","","STATE","GROUND","","","1","Mercer","NORTH MEADVILLE","NORTHWEST"
"6431109","CONTROLLED MOLDING INC","ACTIVE","212148","611409","845488","NONTRANSIENT NONCOMM","INVESTOR","32","32","NOT CONSECUTIVE","","STATE","GROUND","","","1","Mercer","NORTH MEADVILLE","NORTHWEST"
"6430962","COOL SPRINGS CAFE","INACTIVE","161946","250621","258284","TRANSIENT NONCOMM","PRIVATE INDIVIDUAL","50","0","NOT CONSECUTIVE","","STATE","GROUND","","","1","Mercer","NORTH MEADVILLE","NORTHWEST"
"6431073","COOL SPRINGS FITNESS","ACTIVE","345335","627770","653842","TRANSIENT NONCOMM","PRIVATE INDIVIDUAL","125",".","NOT CONSECUTIVE","","STATE","GROUND","","","1","Mercer","NORTH MEADVILLE","NORTHWEST"
"6430974","COOPER BESSEMER RECIP DV","INACTIVE","142880","49027","50829","TRANSIENT NONCOMM","INVESTOR","350","0","NOT CONSECUTIVE","","STATE","GROUND","","","1","Mercer","NORTH MEADVILLE","NORTHWEST"
"6430320","COOPER ENERGY SERVICE","INACTIVE","142880","49027","50828","TRANSIENT NONCOMM","INVESTOR","350","0","NOT CONSECUTIVE","0000001","STATE","GROUND","PA","","1","Mercer","NORTH MEADVILLE","NORTHWEST"
"6430947","COPPER BESSEMER RECIP DIVISON","INACTIVE","76303","260600","276279","TRANSIENT NONCOMM","N","200","0","NOT CONSECUTIVE","","STATE","GROUND","","","1","Mercer","NORTH MEADVILLE","NORTHWEST"
"6430866","CORRAL (THE)","INACTIVE","58539","443841","468122","TRANSIENT NONCOMM","INVESTOR","25","0","NOT CONSECUTIVE","","STATE","GROUND","","","1","Mercer","NORTH MEADVILLE","NORTHWEST"
"6430063","COUNTRY CORNER RV PARK","ACTIVE","305277","451529","478433","COMMUNITY","INVESTOR","50","0","NOT CONSECUTIVE","","STATE","GROUND","","","123","Mercer","NORTH MEADVILLE","NORTHWEST"
"6430002","COUNTRY ESTATES","ACTIVE","287851","247520","480923","COMMUNITY","INVESTOR","90","0","NOT CONSECUTIVE","","STATE","GROUND","","","27","Mercer","NORTH MEADVILLE","NORTHWEST"
"6431035","COUNTRY FAIR STORE #44","ACTIVE","86380","269537","290424","TRANSIENT NONCOMM","INVESTOR","25",".","NOT CONSECUTIVE","","STATE","GROUND","","","1","Mercer","NORTH MEADVILLE","NORTHWEST"
"6430033","COUNTRYSIDE CONVALESCENT HOME","INACTIVE","80180","264199","283873","COMMUNITY","OTHER","90","0","NOT CONSECUTIVE","","STATE","GROUND","","","2","Mercer","NORTH MEADVILLE","NORTHWEST"
"6430843","COUNTY LINE CAFE","ACTIVE","94523","250436","258047","TRANSIENT NONCOMM","PRIVATE INDIVIDUAL","150","0","NOT CONSECUTIVE","","STATE","GROUND","","","1","Mercer","NORTH MEADVILLE","NORTHWEST"
"6430070","COZY OAKS MHP","ACTIVE","74561","264067","283655","COMMUNITY","INVESTOR","65","0","NOT CONSECUTIVE","","STATE","GROUND","","","41","Mercer","NORTH MEADVILLE","NORTHWEST"
"6430849","COZY OAKS RV RESORT","ACTIVE","375847","451315","478128","TRANSIENT NONCOMM","INVESTOR","300","0","NOT CONSECUTIVE","","STATE","GROUND","","","250","Mercer","NORTH MEADVILLE","NORTHWEST"
"6430018","CRANBERRY MHP","INACTIVE","58519","452869","480315","COMMUNITY","INVESTOR","42","0","NOT CONSECUTIVE","","STATE","GROUND","","","12","Mercer","NORTH MEADVILLE","NORTHWEST"
"6431096","CREEKSIDE COUNTRY STORE","ACTIVE","316029","788330","781680","TRANSIENT NONCOMM","PRIVATE INDIVIDUAL","25",".","NOT CONSECUTIVE","","STATE","GROUND","","","2","Mercer","NORTH MEADVILLE","NORTHWEST"
"6431031","CRESSWELL GENERAL STORE","INACTIVE","299514","448679","474562","TRANSIENT NONCOMM","OTHER","50",".","NOT CONSECUTIVE","","STATE","GROUND","","","1","Mercer","NORTH MEADVILLE","NORTHWEST"
"6430315","CUSTALOGA TOWN SCOUT CAMP","ACTIVE","58523","249107","256037","TRANSIENT NONCOMM","OTHER","300","0","NOT CONSECUTIVE","","STATE","GROUND","","","12","Mercer","NORTH MEADVILLE","NORTHWEST"
"6431032","D M CAMPSEY SEED AND FEED","INACTIVE","58477","261625","279225","TRANSIENT NONCOMM","INVESTOR","25","0","NOT CONSECUTIVE","","STATE","GROUND","","","2","Mercer","NORTH MEADVILLE","NORTHWEST"
"6431082","DAWNS DELI","ACTIVE","327510","707875","709650","TRANSIENT NONCOMM","PRIVATE INDIVIDUAL","25",".","NOT CONSECUTIVE","","STATE","GROUND","","","2","Mercer","NORTH MEADVILLE","NORTHWEST"
"6430816","DEAN DAIRY","INACTIVE","141758","452218","284563","TRANSIENT NONCOMM","INVESTOR","50","0","NOT CONSECUTIVE","","STATE","GROUND","","","1","Mercer","NORTH MEADVILLE","NORTHWEST"
"6430906","DELAWARE TWP MUN BLDG","ACTIVE","64314","264757","284605","TRANSIENT NONCOMM","INVESTOR","100","0","NOT CONSECUTIVE","","STATE","GROUND","","","3","Mercer","NORTH MEADVILLE","NORTHWEST"
"6430897","DIEHL AUTOMOTIVE OF GROVE CITY","ACTIVE","347527","260431","276034","NONTRANSIENT NONCOMM","INVESTOR","50","31","NOT CONSECUTIVE","","STATE","GROUND","","","4","Mercer","NORTH MEADVILLE","NORTHWEST"
"6430970","DIPSY DOODLE DRIVE IN","INACTIVE","58563","255134","266985","TRANSIENT NONCOMM","INVESTOR","100","0","NOT CONSECUTIVE","","STATE","GROUND","","","1","Mercer","NORTH MEADVILLE","NORTHWEST"
"6431103","DOLLAR GEN 10324 NEW WILMING","INACTIVE","342007","828758","826018","TRANSIENT NONCOMM","INVESTOR","25",".","NOT CONSECUTIVE","","STATE","GROUND","","","1","Mercer","NORTH MEADVILLE","NORTHWEST"
"6431095","DOLLAR GEN 14900 SHEAKLEYVILLE","ACTIVE","314304","785950","779106","TRANSIENT NONCOMM","INVESTOR","25",".","NOT CONSECUTIVE","","STATE","GROUND","","","1","Mercer","NORTH MEADVILLE","NORTHWEST"
"6431101","DOLLAR GEN 17753 JACKSON CTR","ACTIVE","365512","825094","821251","TRANSIENT NONCOMM","INVESTOR","25",".","NOT CONSECUTIVE","","STATE","GROUND","","","1","Mercer","NORTH MEADVILLE","NORTHWEST"
"6431105","DOLLAR GEN 18430 FREDONIA","ACTIVE","343729","830245","827309","TRANSIENT NONCOMM","INVESTOR","25",".","NOT CONSECUTIVE","","STATE","GROUND","","","1","Mercer","NORTH MEADVILLE","NORTHWEST"
"6431107","DOLLAR GEN 4940 GROVE CITY","ACTIVE","351218","837573","837370","TRANSIENT NONCOMM","INVESTOR","25",".","NOT CONSECUTIVE","","STATE","GROUND","","","1","Mercer","NORTH MEADVILLE","NORTHWEST"
"6431100","DOLLAR GEN 8289 STONEBORO","ACTIVE","368531","818721","813234","TRANSIENT NONCOMM","INVESTOR","200",".","NOT CONSECUTIVE","","STATE","GROUND","","","1","Mercer","NORTH MEADVILLE","NORTHWEST"
"6431113","DOLLAR GENERAL NEW WILM 10324","ACTIVE","373095","860521","869187","TRANSIENT NONCOMM","INVESTOR","25",".","NOT CONSECUTIVE","","STATE","GROUND","","","1","Mercer","NORTH MEADVILLE","NORTHWEST"
"6430834","DRAW BAR AND GRILLE","INACTIVE","239062","264595","284373","TRANSIENT NONCOMM","INVESTOR","25","0","NOT CONSECUTIVE","","STATE","GROUND","","","2","Mercer","NORTH MEADVILLE","NORTHWEST"
"6430907","ENCHANTED ACRES","INACTIVE","64315","260542","276178","TRANSIENT NONCOMM","INVESTOR","40","0","NOT CONSECUTIVE","","NOT REGULATED","GROUND","","","1","Mercer","NORTH MEADVILLE","NORTHWEST"
"6430878","EZS ORANGEVILLE TAVERN","ACTIVE","215249","450889","477576","TRANSIENT NONCOMM","INVESTOR","50","0","NOT CONSECUTIVE","","STATE","GROUND","","","1","Mercer","NORTH MEADVILLE","NORTHWEST"
"6431085","FERRARAS PIZZA EXPRESS","INACTIVE","275159","724701","723526","TRANSIENT NONCOMM","PRIVATE INDIVIDUAL","25",".","NOT CONSECUTIVE","","STATE","GROUND","","","1","Mercer","NORTH MEADVILLE","NORTHWEST"
"6430889","FIVE POINTS TAVERN AND GRILL","INACTIVE","272607","260415","276014","TRANSIENT NONCOMM","INVESTOR","45","0","NOT CONSECUTIVE","","STATE","GROUND","","","1","Mercer","NORTH MEADVILLE","NORTHWEST"
"6430062","FORREST BROOKE MHP","ACTIVE","139895","244047","248761","COMMUNITY","INVESTOR","491","0","NOT CONSECUTIVE","","STATE","GROUND","","","280","Mercer","NORTH MEADVILLE","NORTHWEST"
"6430036","FREDONIA BORO","ACTIVE","34929","240873","244483","COMMUNITY","MUNICIPALITY","443","0","NOT CONSECUTIVE","","STATE","GROUND","","","254","Mercer","NORTH MEADVILLE","NORTHWEST"
"6431015","GARAGE BAR AND GRILL","ACTIVE","305024","448513","474323","TRANSIENT NONCOMM","INVESTOR","25","0","NOT CONSECUTIVE","","STATE","GROUND","","","1","Mercer","NORTH MEADVILLE","NORTHWEST"
"6430800","GEORGE JR. REPUBLIC","INACTIVE","348030","263953","283448","TRANSIENT NONCOMM","INVESTOR","290","0","NOT CONSECUTIVE","","STATE","GROUND","","","1","Mercer","NORTH MEADVILLE","NORTHWEST"
"6430978","GERTS CATERING SERVICE","INACTIVE","58565","264773","284624","TRANSIENT NONCOMM","INVESTOR","100","0","NOT CONSECUTIVE","","STATE","GROUND","","","1","Mercer","NORTH MEADVILLE","NORTHWEST"
"6430014","GLEN LAKE ESTATES","ACTIVE","314053","244055","248773","COMMUNITY","INVESTOR","94","0","NOT CONSECUTIVE","","STATE","GROUND","","","44","Mercer","NORTH MEADVILLE","NORTHWEST"
"6431112","GMAS TAKE OUT HOME COOKING","ACTIVE","368082","855100","859459","TRANSIENT NONCOMM","PRIVATE INDIVIDUAL","25",".","NOT CONSECUTIVE","","STATE","GROUND","","","1","Mercer","NORTH MEADVILLE","NORTHWEST"
"6430045","GOLDEN AGE TRAILER PARK","INACTIVE","58521","453054","480543","COMMUNITY","INVESTOR","65","0","NOT CONSECUTIVE","","STATE","GROUND","","","30","Mercer","NORTH MEADVILLE","NORTHWEST"
"6430042","GRANDVIEW ACRES MHP","ACTIVE","338398","243909","248573","COMMUNITY","INVESTOR","70","0","NOT CONSECUTIVE","","STATE","GROUND","","","39","Mercer","NORTH MEADVILLE","NORTHWEST"
"6431004","GRANTHAMS LANDING","ACTIVE","58580","255150","267001","TRANSIENT NONCOMM","INVESTOR","100","0","NOT CONSECUTIVE","","STATE","GROUND","","","1","Mercer","NORTH MEADVILLE","NORTHWEST"
"6430976","GREENS OF GREENVILLE","INACTIVE","351443","446614","472024","TRANSIENT NONCOMM","INVESTOR","100","0","NOT CONSECUTIVE","","STATE","GROUND","","","1","Mercer","NORTH MEADVILLE","NORTHWEST"
"6431080","GREENVILLE AREA SPORTS COMPLEX","ACTIVE","237287","700529","702252","TRANSIENT NONCOMM","MUNICIPALITY","50",".","NOT CONSECUTIVE","","STATE","GROUND","","","3","Mercer","NORTH MEADVILLE","NORTHWEST"
"6430996","GREENVILLE AUCTION BARN","INACTIVE","67622","450924","477620","TRANSIENT NONCOMM","INVESTOR","100","0","NOT CONSECUTIVE","","STATE","GROUND","","","1","Mercer","NORTH MEADVILLE","NORTHWEST"
"6430039","GREENVILLE MHP","ACTIVE","332012","264200","283876","COMMUNITY","INVESTOR","150","0","NOT CONSECUTIVE","","STATE","GROUND","","","73","Mercer","NORTH MEADVILLE","NORTHWEST"
"6430037","GREENVILLE MUNI WATER AUTH","ACTIVE","25179","262460","281183","COMMUNITY","AUTHORITY","8,600","0","NOT CONSECUTIVE","","STATE","SURFACE","","","3,175","Mercer","NORTH MEADVILLE","NORTHWEST"
"6430975","GREENVILLE VFW POST 3374","ACTIVE","64342","261582","279038","TRANSIENT NONCOMM","OTHER","50","0","NOT CONSECUTIVE","","STATE","GROUND","","","1","Mercer","NORTH MEADVILLE","NORTHWEST"
"6430073","GREYSTONE COUNTRY ESTATES","ACTIVE","114360","487161","570896","COMMUNITY","INVESTOR","55",".","NOT CONSECUTIVE","","STATE","GROUND","","","40","Mercer","NORTH MEADVILLE","NORTHWEST"
"6430040","GROVE CITY BORO WATER DEPT","ACTIVE","174","447196","472793","COMMUNITY","MUNICIPALITY","8,322","0","NOT CONSECUTIVE","","STATE","GROUND","","","2,940","Mercer","NORTH MEADVILLE","NORTHWEST"
"6431063","GROVE CITY CHRISTIAN ALLIANCE","INACTIVE","161095","553225","570792","TRANSIENT NONCOMM","OTHER","300",".","NOT CONSECUTIVE","","STATE","GROUND","","","1","Mercer","NORTH MEADVILLE","NORTHWEST"
"6430908","GROVE CITY COUNTRY CLUB","ACTIVE","34111","243710","248312","TRANSIENT NONCOMM","INVESTOR","250","0","NOT CONSECUTIVE","","STATE","GROUND","","","2","Mercer","NORTH MEADVILLE","NORTHWEST"
"6431111","GROVE CITY MED CENTER","ACTIVE","51912","448599","855861","NONTRANSIENT NONCOMM","OTHER","642","290","CONSECUTIVE","6430061","STATE","PURCHASED GROUND","PA","","2","Mercer","NORTH MEADVILLE","NORTHWEST"
"6430319","GT1 CORP","INACTIVE","112856","257372","271251","TRANSIENT NONCOMM","INVESTOR","350","0","NOT CONSECUTIVE","","STATE","GROUND","","","1","Mercer","NORTH MEADVILLE","NORTHWEST"
"6430909","HADLEY STORE-%G JORDAN","INACTIVE","58544","260545","276186","TRANSIENT NONCOMM","INVESTOR","100","0","NOT CONSECUTIVE","","STATE","GROUND","","","1","Mercer","NORTH MEADVILLE","NORTHWEST"
"6430993","HEADLINERS GENTLEMENS CLUB","ACTIVE","338964","261594","279103","TRANSIENT NONCOMM","INVESTOR","100","0","NOT CONSECUTIVE","","STATE","GROUND","","","1","Mercer","NORTH MEADVILLE","NORTHWEST"
"6430072","HEMLOCK MHP","ACTIVE","289803","464861","650786","COMMUNITY","PRIVATE INDIVIDUAL","45",".","NOT CONSECUTIVE","","STATE","GROUND","","","23","Mercer","NORTH MEADVILLE","NORTHWEST"
"6430911","HEMPFIELD TOWNSHIP PARK","ACTIVE","52893","450095","476507","TRANSIENT NONCOMM","MUNICIPALITY","25","0","NOT CONSECUTIVE","","STATE","GROUND","","","5","Mercer","NORTH MEADVILLE","NORTHWEST"
"6436032","HERRMANNS BOTTLED WATER","INACTIVE","58595","250697","258381","BOTTLED WATER","INVESTOR","1,000","0","NOT CONSECUTIVE","","STATE","GROUND","","","1","Mercer","NORTH MEADVILLE","NORTHWEST"
"6430009","HILLCREST MOBILE PARK","INACTIVE","116600","263600","282839","COMMUNITY","INVESTOR","63","0","NOT CONSECUTIVE","","STATE","GROUND","","","36","Mercer","NORTH MEADVILLE","NORTHWEST"
"6430984","HILLTOP TAVERN","ACTIVE","344503","255141","266992","TRANSIENT NONCOMM","INVESTOR","25","0","NOT CONSECUTIVE","","STATE","GROUND","","","1","Mercer","NORTH MEADVILLE","NORTHWEST"
"6430837","HITCH N POST","INACTIVE","311954","264728","284558","TRANSIENT NONCOMM","INVESTOR","84","0","NOT CONSECUTIVE","","NOT REGULATED","GROUND","","","1","Mercer","NORTH MEADVILLE","NORTHWEST"
"6430998","HOFFMANS SANDY LAKE DINER","INACTIVE","6807","264356","284086","TRANSIENT NONCOMM","INVESTOR","50","0","NOT CONSECUTIVE","","STATE","GROUND","","","1","Mercer","NORTH MEADVILLE","NORTHWEST"
"6430081","HOLIDAY MANOR APT COMPLEX","INACTIVE","282857","738929","738855","COMMUNITY","INVESTOR","80",".","NOT CONSECUTIVE","","NOT REGULATED","GROUND","","","40","Mercer","NORTH MEADVILLE","NORTHWEST"
"6431013","HORIZON HOSPITAL SYSTEM","INACTIVE","32960","529302","290412","TRANSIENT NONCOMM","INVESTOR","25",".","NOT CONSECUTIVE","","STATE","GROUND","","","1","Mercer","NORTH MEADVILLE","NORTHWEST"
"6431029","HORSESHOE DANCE HALL","INACTIVE","58592","261617","279201","TRANSIENT NONCOMM","INVESTOR","100","0","NOT CONSECUTIVE","","STATE","GROUND","","","2","Mercer","NORTH MEADVILLE","NORTHWEST"
"6430067","HOSPITALITY CARE CENTER","INACTIVE","76507","249102","256029","COMMUNITY","INVESTOR","29","0","NOT CONSECUTIVE","","STATE","GROUND","","","1","Mercer","NORTH MEADVILLE","NORTHWEST"
"6431090","ILSCO EXTRUSIONS","ACTIVE","281769","242147","734706","NONTRANSIENT NONCOMM","INVESTOR","175","175","NOT CONSECUTIVE","","STATE","GROUND","","","1","Mercer","NORTH MEADVILLE","NORTHWEST"
"6430858","IRON BRIDGE INN","ACTIVE","276623","257774","271955","NONTRANSIENT NONCOMM","INVESTOR","95","45","NOT CONSECUTIVE","","STATE","GROUND","","","1","Mercer","NORTH MEADVILLE","NORTHWEST"
"6430828","JACKS ARE WILD","INACTIVE","64517","269575","290465","TRANSIENT NONCOMM","INVESTOR","25","0","NOT CONSECUTIVE","","STATE","GROUND","","","1","Mercer","NORTH MEADVILLE","NORTHWEST"
"6430825","JACKS PLACE","INACTIVE","76501","269573","290463","TRANSIENT NONCOMM","INVESTOR","25","0","NOT CONSECUTIVE","","STATE","GROUND","","","1","Mercer","NORTH MEADVILLE","NORTHWEST"
"6430827","JACKSON CENTER DAIRY QUEEN","ACTIVE","335968","450964","477664","TRANSIENT NONCOMM","INVESTOR","50","0","NOT CONSECUTIVE","","STATE","GROUND","","","1","Mercer","NORTH MEADVILLE","NORTHWEST"
"6430890","JACKSON CENTER VOL FIRE DEPT","INACTIVE","64293","270802","293416","TRANSIENT NONCOMM","INVESTOR","25","0","NOT CONSECUTIVE","","STATE","GROUND","","","1","Mercer","NORTH MEADVILLE","NORTHWEST"
"6431042","JACKSON COMMERCE PARK W S","ACTIVE","111022","481633","564748","NONTRANSIENT NONCOMM","INVESTOR","75","75","NOT CONSECUTIVE","","STATE","GROUND","","","8","Mercer","NORTH MEADVILLE","NORTHWEST"
"6431071","JACKSON MEADOWS COUNTRY MARKET","INACTIVE","211869","619761","642593","TRANSIENT NONCOMM","PRIVATE INDIVIDUAL","100",".","NOT CONSECUTIVE","","STATE","GROUND","","","1","Mercer","NORTH MEADVILLE","NORTHWEST"
"6430883","JAMES STONER VFW POST 6233","ACTIVE","64234","264354","284084","TRANSIENT NONCOMM","OTHER","100","0","NOT CONSECUTIVE","","STATE","GROUND","","","1","Mercer","NORTH MEADVILLE","NORTHWEST"
"6430043","JAMESTOWN BORO WATER AUTH","ACTIVE","32800","245686","250996","COMMUNITY","AUTHORITY","680","0","NOT CONSECUTIVE","","STATE","GROUND","","","312","Mercer","NORTH MEADVILLE","NORTHWEST"
"6431102","JAMESTOWN FIREMANS AUX","INACTIVE","74313","446941","472422","TRANSIENT NONCOMM","INVESTOR","50","0","NOT CONSECUTIVE","","STATE","GROUND","","","1","Mercer","NORTH MEADVILLE","NORTHWEST"
"6431076","JAMESTOWN PRIMARY HEALTH","INACTIVE","120297","691994","696595","TRANSIENT NONCOMM","INVESTOR","25",".","NOT CONSECUTIVE","","STATE","GROUND","","","1","Mercer","SOUTH MEADVILLE","NORTHWEST"
"6430010","JEFFERSON ESTATES MHP","ACTIVE","334750","263604","282846","COMMUNITY","INVESTOR","57","0","NOT CONSECUTIVE","","STATE","GROUND","","","43","Mercer","NORTH MEADVILLE","NORTHWEST"
"6430912","JEFFERSON TOWNSHIP BUILDING","ACTIVE","112067","269281","289725","TRANSIENT NONCOMM","MUNICIPALITY","50","0","NOT CONSECUTIVE","","STATE","GROUND","","","1","Mercer","NORTH MEADVILLE","NORTHWEST"
"6430929","JERRY TAYLOR FORD SALES","INACTIVE","64372","260569","276218","TRANSIENT NONCOMM","INVESTOR","20","0","NOT CONSECUTIVE","","STATE","GROUND","","","1","Mercer","NORTH MEADVILLE","NORTHWEST"
"6430913","JERUSALEM CHRISTIAN CHURCH","ACTIVE","311410","448509","474319","TRANSIENT NONCOMM","OTHER","90","0","NOT CONSECUTIVE","","STATE","GROUND","","","1","Mercer","NORTH MEADVILLE","NORTHWEST"
"6430156","JIFFY MINI MART","INACTIVE","95649","532058","554214","TRANSIENT NONCOMM","PRIVATE INDIVIDUAL","25",".","NOT CONSECUTIVE","","STATE","GROUND","","","1","Mercer","NORTH MEADVILLE","NORTHWEST"
"6431056","JIFFY MINI MART","INACTIVE","95649","532058","554792","TRANSIENT NONCOMM","INVESTOR","100",".","NOT CONSECUTIVE","","NOT REGULATED","GROUND","","","1","Mercer","NORTH MEADVILLE","NORTHWEST"
"6430898","JOAN BOYKAN-BEAUTY SHOP","INACTIVE","76290","260492","276116","TRANSIENT NONCOMM","INVESTOR","45","0","NOT CONSECUTIVE","","STATE","GROUND","","","1","Mercer","NORTH MEADVILLE","NORTHWEST"
"6430914","JOHNSONS DAIRY CO ROBERT JOHNS","INACTIVE","112431","243982","248669","TRANSIENT NONCOMM","INVESTOR","75","0","NOT CONSECUTIVE","","STATE","GROUND","","","1","Mercer","NORTH MEADVILLE","NORTHWEST"
"6430857","JOSEPHS BAR & GRILL","ACTIVE","340913","445972","471180","TRANSIENT NONCOMM","INVESTOR","75","0","NOT CONSECUTIVE","","STATE","GROUND","","","1","Mercer","NORTH MEADVILLE","NORTHWEST"
"6431084","JUBILEE DAYCARE & PRESCHOOL","ACTIVE","270475","717647","716393","NONTRANSIENT NONCOMM","OTHER","45","45","NOT CONSECUTIVE","","STATE","GROUND","","","1","Mercer","NORTH MEADVILLE","NORTHWEST"
"6430839","JUGHANDLE (THE)","ACTIVE","64376","448416","474203","TRANSIENT NONCOMM","INVESTOR","100","0","NOT CONSECUTIVE","","STATE","GROUND","","","1","Mercer","NORTH MEADVILLE","NORTHWEST"
"6430948","JUNCTION 19-80 CAMPGROUND","INACTIVE","64330","269238","289405","TRANSIENT NONCOMM","INVESTOR","245","0","NOT CONSECUTIVE","","STATE","GROUND","","","70","Mercer","NORTH MEADVILLE","NORTHWEST"
"6430991","KATIES KORNER","INACTIVE","255177","263886","283340","TRANSIENT NONCOMM","INVESTOR","30","0","NOT CONSECUTIVE","","STATE","GROUND","","","1","Mercer","NORTH MEADVILLE","NORTHWEST"
"6430896","KELLYS DAIRY ISLE","INACTIVE","76288","260429","276032","TRANSIENT NONCOMM","INVESTOR","40","0","NOT CONSECUTIVE","","STATE","GROUND","","","1","Mercer","NORTH MEADVILLE","NORTHWEST"
"6431078","KEYSTONE ADOLESCENT CENTER","ACTIVE","111062","481697","701991","NONTRANSIENT NONCOMM","INVESTOR","50","50","NOT CONSECUTIVE","","STATE","GROUND","","","2","Mercer","NORTH MEADVILLE","NORTHWEST"
"6430893","KEYSTONE CHARTER SCHOOL","ACTIVE","111062","264754","284602","NONTRANSIENT NONCOMM","INVESTOR","225","225","NOT CONSECUTIVE","","STATE","GROUND","","","1","Mercer","NORTH MEADVILLE","NORTHWEST"
"6431038","KEYSTONE JUNCTION","INACTIVE","132418","250696","258379","TRANSIENT NONCOMM","INVESTOR","25",".","NOT CONSECUTIVE","","STATE","GROUND","","","1","Mercer","NORTH MEADVILLE","NORTHWEST"
"6431104","KEYSTONE SAFARI","ACTIVE","341084","827917","824646","NONTRANSIENT NONCOMM","INVESTOR","100","50","NOT CONSECUTIVE","","STATE","GROUND","","","1","Mercer","NORTH MEADVILLE","NORTHWEST"
"6431030","KRAYNAK SEASONAL FARM LBR CAMP","INACTIVE","1822","261623","279221","TRANSIENT NONCOMM","PRIVATE INDIVIDUAL","18","0","NOT CONSECUTIVE","","STATE","GROUND","","","1","Mercer","NORTH MEADVILLE","NORTHWEST"
"6431018","KRISTYAK'S SERVICE PLAZA","INACTIVE","58588","269536","290423","TRANSIENT NONCOMM","INVESTOR","50","0","NOT CONSECUTIVE","","STATE","GROUND","","","1","Mercer","NORTH MEADVILLE","NORTHWEST"
"6430895","KYLE FARM EQUIPMENT","INACTIVE","76287","260425","276027","TRANSIENT NONCOMM","INVESTOR","26","0","NOT CONSECUTIVE","","STATE","GROUND","","","1","Mercer","NORTH MEADVILLE","NORTHWEST"
"6430044","LACKAWANNOCK MOBILE HOME PARK","INACTIVE","145969","454557","474231","COMMUNITY","INVESTOR","90","0","NOT CONSECUTIVE","","STATE","GROUND","","","32","Mercer","NORTH MEADVILLE","NORTHWEST"
"6430011","LAKEVIEW MHP C/O W BRUCE LANE","INACTIVE","305277","451529","478432","COMMUNITY","INVESTOR","14","0","NOT CONSECUTIVE","","STATE","GROUND","","","7","Mercer","NORTH MEADVILLE","NORTHWEST"
"6431001","LAKEWAY RESTAURANT","INACTIVE","58552","449469","475565","TRANSIENT NONCOMM","INVESTOR","400","0","NOT CONSECUTIVE","","STATE","GROUND","","","1","Mercer","NORTH MEADVILLE","NORTHWEST"
"6430949","LAKEWAY RESTAURANT","INACTIVE","58552","449469","276294","TRANSIENT NONCOMM","INVESTOR","50","0","NOT CONSECUTIVE","","STATE","GROUND","","","1","Mercer","NORTH MEADVILLE","NORTHWEST"
"6430875","LARKFIELD DRIVE-IN","INACTIVE","58541","443854","468143","TRANSIENT NONCOMM","INVESTOR","150","0","NOT CONSECUTIVE","","STATE","GROUND","","","1","Mercer","NORTH MEADVILLE","NORTHWEST"
"6431053","LAST MINIT MART JAMESTOWN","ACTIVE","372569","512856","550593","TRANSIENT NONCOMM","INVESTOR","200",".","NOT CONSECUTIVE","","STATE","GROUND","","","1","Mercer","NORTH MEADVILLE","NORTHWEST"
"6430836","LAUBSCHER HOUSE CHEESE","INACTIVE","64515","264739","284572","TRANSIENT NONCOMM","INVESTOR","25","0","NOT CONSECUTIVE","","STATE","GROUND","","","1","Mercer","NORTH MEADVILLE","NORTHWEST"
"6430821","LAUBSCHERS CHEESE","INACTIVE","64515","264739","258060","TRANSIENT NONCOMM","INVESTOR","60","30","NOT CONSECUTIVE","","STATE","GROUND","","","2","Mercer","NORTH MEADVILLE","NORTHWEST"
"6430832","LEES COUNTRY RESTAURANT","INACTIVE","64218","250526","258148","TRANSIENT NONCOMM","INVESTOR","25","0","NOT CONSECUTIVE","","STATE","GROUND","","","1","Mercer","NORTH MEADVILLE","NORTHWEST"
"6370040","LEESBURG COMMUNITY WATER ASSOC","INACTIVE","5362","448462","481645","COMMUNITY","WATER ASSOCIATION","180","0","NOT CONSECUTIVE","","STATE","GROUND","","","60","Mercer","NORTH MEADVILLE","NORTHWEST"
"6430891","LEESBURG ELEM SCH(GROVE CITY)","INACTIVE","76478","453514","481076","TRANSIENT NONCOMM","INVESTOR","140","0","NOT CONSECUTIVE","","STATE","GROUND","","","1","Mercer","NORTH MEADVILLE","NORTHWEST"
"6430999","LEESBURG WATER ASSOCIATION","ACTIVE","5362","448462","474267","COMMUNITY","WATER ASSOCIATION","150","0","NOT CONSECUTIVE","","STATE","GROUND","","","71","Mercer","NORTH MEADVILLE","NORTHWEST"
"6430960","LEISURE LAKE CAMPGROUNDS","INACTIVE","58559","260619","276307","TRANSIENT NONCOMM","INVESTOR","25","0","NOT CONSECUTIVE","","STATE","GROUND","","","1","Mercer","NORTH MEADVILLE","NORTHWEST"
"6431051","LEO MART","ACTIVE","295837","493405","542922","TRANSIENT NONCOMM","INVESTOR","100",".","NOT CONSECUTIVE","","STATE","GROUND","","","1","Mercer","NORTH MEADVILLE","NORTHWEST"
"6430041","LIBERTY ACRES MHP","ACTIVE","327360","263617","282864","COMMUNITY","INVESTOR","47","0","NOT CONSECUTIVE","","STATE","GROUND","","","27","Mercer","NORTH MEADVILLE","NORTHWEST"
"6431044","LIBERTY LANES","ACTIVE","345325","481627","564836","TRANSIENT NONCOMM","INVESTOR","26",".","NOT CONSECUTIVE","","STATE","GROUND","","","1","Mercer","NORTH MEADVILLE","NORTHWEST"
"6430079","LIBERTY TOWNSHIP","ACTIVE","141109","718665","717520","COMMUNITY","MUNICIPALITY","50",".","CONSECUTIVE","6430040","STATE","PURCHASED GROUND","PA","","41","Mercer","NORTH MEADVILLE","NORTHWEST"
"6431062","LIFE CARE CANCER CENTER","INACTIVE","112931","473728","564689","TRANSIENT NONCOMM","INVESTOR","25",".","NOT CONSECUTIVE","","STATE","GROUND","","","1","Mercer","NORTH MEADVILLE","NORTHWEST"
"6430822","LINDEYS","INACTIVE","72768","446957","472447","TRANSIENT NONCOMM","INVESTOR","25","0","NOT CONSECUTIVE","","STATE","GROUND","","","1","Mercer","NORTH MEADVILLE","NORTHWEST"
"6430983","LITTLE DIAMOND TRUCK STOP","INACTIVE","76306","261593","279095","TRANSIENT NONCOMM","INVESTOR","50","0","NOT CONSECUTIVE","","STATE","GROUND","","","1","Mercer","NORTH MEADVILLE","NORTHWEST"
"6430830","LOCUST GROVE","ACTIVE","64518","448500","474308","TRANSIENT NONCOMM","INVESTOR","50","0","NOT CONSECUTIVE","","STATE","GROUND","","","1","Mercer","NORTH MEADVILLE","NORTHWEST"
